path,bytes,words,sha256
portfolio_arbitration_pairs.csv,2414,368,964af5968f121bc8b29895460dad1205f6492cc8d34de08d530c1083692980d9
portfolio_roster.json,12194,1356,d547b0d8c76cd4653f372fe57f6f4aca049a3e2ffaee545e0d7f5d318594ad4e
source_manifest.csv,7981,610,c8b3650022038b4361e3f014905625db33ed90749a9e4fa9c5d93cb91ceb028d
source_provenance.md,1657,248,be59c2b11ca014e1a008e4eaedfcebb4e80e49b43d2122bf813307bc47364769
status/gao-25-108032-full.txt,82600,11579,609141efd581292bd04fc754de1f21ea2a49b0d0228e14a60df32de697f52a6f
units/U01_gao-24-106108_report.txt,89325,13109,390f70417aa798005bcbcf5adeac459fab4178b84eadbb4d977a0f71a9627b76
units/U01_gao-24-106108_status.txt,1805,252,1359e3d25084aecf091232bbdd9987399fa9d961b58f19e7a1a2a702ec4002f1
units/U02_gao-23-105238_report.txt,132227,19250,bf24e3f48bd80e85603c99950b8accadd546f38835a89f4280a11373f2cfd455
units/U02_gao-23-105238_status.txt,2548,363,37d895e4cfc93a83981d572cf8e669769615e01a3ba1c4297db3951bcb95c512
units/U03_gao-23-106210_report.txt,150666,22447,1c48baf504e4138a683df61e6d120f204300beb2a3d943940844e7adf0fc4da3
units/U03_gao-23-106210_status.txt,1902,262,c302d670d01e6b92245fecbe4fd1bce3e85e01eb0abd2e4782620e92ce1d6f5d
units/U04_gao-20-372_report.txt,190047,27896,802b4e7b2b672e60a7b7c2aa787a4b0b209a036b8d8a8d0ca7db37921d8c7395
units/U04_gao-20-372_status.txt,1911,259,ab0ef9f88a8228fb002b2daa8ac2b2c943d9055fa1f16b858d6b78e81501adeb
units/U05_gao-25-106775_report.txt,150164,21835,d8d6d21cce686d5631219511fde4c863ffea85bb63901941ecaa1e0eba9ae685
units/U05_gao-25-106775_status.txt,1544,210,f5cf07dd66094224a1cf3c2c736759c919a1b344bd7687a2d4381946b0059880
units/U06_gao-20-594_report.txt,104683,15305,5bae3f37516eda685adabc264c3a00afb3e9074afa29e9a36357edc147e74d72
units/U06_gao-20-594_status.txt,1955,281,4adc375bbbca3229182e74d71e192b8ed256055c8adc2a050b09bb62d0ac9075
units/U07_gao-17-143_report.txt,133389,19992,edf7dc7ec6239725de5c25f0ed713f90b32f5bdfd4d842a5849e34b78490f430
units/U07_gao-17-143_status.txt,1911,270,144f637e76a91c12f22ed0eb9bc25af7764632508f411101a8a6fbeb8bc6e836
units/U08_gao-15-183_report.txt,82203,12617,4cf873f6f429f11f1315c5200d7e8edf15ba632e82485c5415b30cf33167029d
units/U08_gao-15-183_status.txt,2714,399,891d00dfdc0e18807bc3dcaaa4b591ed0c84900c98f8e7e292935c9b0714d261
units/U09_gao-23-106025_report.txt,55305,8337,552f94f5cc66b3bdbeeadf481fe09410704123d9a5ebf371a6d9e4c4c7f4ad4f
units/U09_gao-23-106025_status.txt,2584,389,1cf6ce478725f7a292fa1f84abae59e3e6edb1efcd01a13ff4ac7344ca733f37
units/U10_gao-19-277_report.txt,97213,13808,bf369bc77896395e7b068dc610e614221b5b0decbd18b09d852f29a353bb7191
units/U10_gao-19-277_status.txt,1833,246,c556b952437348b9e8575ef6066a75d32e6f8fe01de743cdf7aeb967d3e665c1
units/U11_gao-18-564_report.txt,88689,13058,0e4279873ccf4b0f208a388ea798e28922188288bb2f1631bb25ead9fae8f148
units/U11_gao-18-564_status.txt,1578,221,f0230aecb8c9e0dc0720c3403634f66efe6baef67eec8abc2efdc40f17a0ab7b
units/U12_gao-16-394_report.txt,88714,13538,fe69c66c4f0d525d894350e675981cf773c024fa08dedf8b9fad11f61929da08
units/U12_gao-16-394_status.txt,1129,155,b8726ebbc2fc5849175933c4561f699b2470117a6c50f3942454fd5d317b2e46
units/U13_gao-19-519_report.txt,157177,23044,9e737d5363a0758446329de98e0ff32662f121386f874f56524ab010829415bd
units/U13_gao-19-519_status.txt,945,137,63f0286e8e7fc6e6a63ec98a0d7749649b112a3852df9ba53f627dc09eb71a66
units/U14_gao-19-433_report.txt,147432,22335,847952b3289beb0656191feff6857da989749021fbb709e1c738ba4620021d4e
units/U14_gao-19-433_status.txt,1444,200,5254b9e4974ed87ed72b79e39f0b8b13d76f99f73f247145ebdafba6c1ab2a26
units/U15_gao-18-480_report.txt,127562,19317,6375fe82826c52ecf529e7f9c9c3d8123f2ab0bac3e790159aa0536db9cad4d6
units/U15_gao-18-480_status.txt,2239,313,8ed311fda7334b8d6b457c720654800254382095ac8dcfa7c6da38935ef11ca7
units/U16_gao-24-106202_report.txt,116238,17581,b24b76e1be3c84607b262d23831ce5b74950693c573e16aa8f455e72d1606e85
units/U16_gao-24-106202_status.txt,2138,299,89acd4cff2ecc79fd8e6bb62ccdd5b6f4ed8ece4207e1f29aec6d1be4e4dc681
units/U17_gao-21-98_report.txt,123461,18624,cc03a139d240b147dd2a41a6b7b71752fe0593e1537280111cd69f9a6dd7e6c6
units/U17_gao-21-98_status.txt,1991,263,222f2b1bbbaa8e312379c339a779091e4324a9039e79f311a96553a8ee905d47
units/U18_gao-21-49_report.txt,95153,14054,405d82f6596fb545f30c17f636d57d5a6871d949748724398673b513d4d50a83
units/U18_gao-21-49_status.txt,1665,223,95b0dc2d2228e3ec22ce129baf7df3769c65c27dfed5135c584fd098b27f8af2
units/U19_gao-16-568_report.txt,80669,11749,ea504d20c77ade629a5f8e4263472ca0151079c10a4ea09defdfd56893503e3b
units/U19_gao-16-568_status.txt,1667,226,fb289dc61c9efefa5bc87ab4e6a23da655a2b98eb3073996bb4eccc8a9008c8c
units/U20_gao-14-571_report.txt,80022,11970,6f1d045c8d66fdb92d0c303d0f3d969944b138ae070b58f031e4bf8ea2c1110d
units/U20_gao-14-571_status.txt,1491,213,ea74428630bcaa125eb87a82616c5c75991d864d279633f78fac9ec5c00f1bc4
units/U21_gao-12-51_report.txt,61728,9702,95269413e64062deae14e37d5dc317dc7f56c717947118354d6b7599b71ad339
units/U21_gao-12-51_status.txt,2240,312,afd48b3a1650cc2a1a17a63743bf57e8ed18e5f897389032d0650862a305202c
units/U22_gao-24-105485_report.txt,108418,15945,2d8bff510778076e67bc659917d13c17e7c22ae1a7b869e1811b7ab1757835f5
units/U22_gao-24-105485_status.txt,2095,303,6ca1b32bc1ead5407b23ff5849141addcd0a648af570b4c21217039c9f0640f1
units/U23_gao-22-105065_report.txt,221180,31302,71e0317efd12b6e24f4863d2c5b9912b27a20f52cf10ce749c8f0f325f4fab03
units/U23_gao-22-105065_status.txt,1455,199,5776290669b1b9a1672d5057cbf0214b64c0a6debe242ab05071af64db6d4574
units/U24_gao-22-104600_report.txt,147349,21062,068ba71c1dc5a107ce839d81f71ae83edd1fc802456ca0e4026c7e582ffcbfb2
units/U24_gao-22-104600_status.txt,12335,1718,9ef65bff64f13cc360736161db962819a444a2bee904143ff3b2f6afcb4951d4
