decision_number,case_number,listing_title,decision_date,document_filename
147,790,Sanctions Board Decision No. 147 (Sanctions Case No. 790),2026-06-08,decision_147.pdf
146,779,Sanctions Board Decision No. 146 (Sanctions Case No. 779),2026-03-09,decision_146.pdf
145,780,Sanctions Board Decision No. 145 (Sanctions Case No. 780),2025-06-25,decision_145.pdf
144,774,Sanctions Board Decision No. 144 (Sanctions Case No. 774),2025-06-24,decision_144.pdf
143,759,Sanctions Board Decision No. 143 (Sanctions Case No. 759),2024-03-11,decision_143.pdf
142,760,Sanctions Board Decision No. 142 (Sanctions Case No. 760)*,2024-02-29,decision_142.pdf
141,503,Sanctions Board Decision No. 141 (Sanctions Case No. 503),2023-06-30,decision_141.pdf
140,762,Sanctions Board Decision No. 140 (Sanctions Case No. 762),2023-06-22,decision_140.pdf
139,724,Sanctions Board Decision No. 139 (Sanctions Case No. 724),2022-09-22,decision_139.pdf
138,693,Sanctions Board Decision No. 138 (Sanctions Case No. 693),2022-09-22,decision_138.pdf
137,610,Sanctions Board Decision No. 137 (Sanctions Case No. 610),2022-06-29,decision_137.pdf
136,631,Sanctions Board Decision No. 136 (Sanctions Case No. 631),2022-02-22,decision_136.pdf
135,658,Sanctions Board Decision No. 135 (Sanctions Case No. 658),2021-12-06,decision_135.pdf
134,620,Sanctions Board Decision No. 134 (Sanctions Case No. 620),2021-11-29,decision_134.pdf
133,669,Sanctions Board Decision No. 133 (Sanctions Case No. 669),2021-04-05,decision_133.pdf
132,477,Sanctions Board Decision No. 132 (Sanctions Case No. 477),2021-04-01,decision_132.pdf
131,671,Sanctions Board Decision No. 131 (Sanctions Case No. 671),2021-03-08,decision_131.pdf
130,680 and 681,Sanctions Board Decision No. 130 (Sanctions Cases No. 680 and No. 681),2020-12-18,decision_130.pdf
129,546,Sanctions Board Decision No. 129 (Sanctions Case No. 546),2020-12-15,decision_129.pdf
128,683,Sanctions Board Decision No. 128 (Sanctions Case No. 683),2020-11-12,decision_128.pdf
127,594,Sanctions Board Decision No. 127 (Sanctions Case No. 594),2020-05-06,decision_127.pdf
126,580,Sanctions Board Decision No. 126 (Sanctions Case No. 580),2020-03-10,decision_126.pdf
125,477,Sanctions Board Decision No. 125 (Sanctions Case No. 477),2020-02-25,decision_125.pdf
124,652,Sanctions Board Decision No. 124 (Sanctions Case No. 652),2020-02-13,decision_124.pdf
123,640,Sanctions Board Decision No. 123 (Sanctions Case No. 640),2020-02-06,decision_123.pdf
122,609,Sanctions Board Decision No. 122 (Sanctions Case No. 609),2020-02-03,decision_122.pdf
121,555,Sanctions Board Decision No. 121 (Sanctions Case No. 555),2019-05-15,decision_121.pdf
120,508,Sanctions Board Decision No. 120 (Sanctions Case No. 508),2019-05-07,decision_120.pdf
119,458,Sanctions Board Decision No. 119 (Sanctions Case No. 458),2019-04-25,decision_119.pdf
118,488,Sanctions Board Decision No. 118 (Sanctions Case No. 488),2019-04-24,decision_118.pdf
