country,sector,cn_code,description,default_direct_tco2e_per_t,default_indirect_tco2e_per_t,default_total_tco2e_per_t,production_route_of_benchmark
India,Cement,2507 00 80 80,Calcined clay,-,-,-,
India,Cement,2523 10 00 90,Other clinker including grey clinker,"1,390","0,050","1,440",(A)
India,Cement,2523 29 00,Grey Portland cement,"1,390","0,090","1,480",
India,Fertilisers,2808 00 00,Nitric acid; sulphonitric acids,"1,940","0,070","2,010",
India,Fertilisers,2814 10 00,Anhydrous ammonia,"3,060","0,220","3,280",
India,Fertilisers,3102 10 19,"Urea, whether or not in aqueous solution, containing >45% nitrogen in relation to the weight of the dry product (excl. that in tablets or similar forms, or in packages with a gross weight of <= 10 kg, or in aqueous solution containing =>31,8% but <=55% by weight of urea)","2,050","0,170","2,220",
India,Fertilisers,3102 30 90,"Ammonium nitrate (excl. that in aqueous solution, in tablets or similar forms, or in packages with a gross weight of <= 10 kg)","2,180","0,160","2,340",
India,Fertilisers,3105 20 10,"Mineral or chemical fertilisers containing phosphorus and potassium, with a nitrogen content > 10 % by weight on the dry anhydrous product (excl. those in tablets or similar forms, or in packages with a gross weight of <= 10 kg)","0,970","0,150","1,120",
India,Fertilisers,3105 30 00,"Diammonium hydrogenorthophosphate ""diammonium phosphate"" (excl. that in tablets or similar forms, or in packages with a gross weight of <= 10 kg)","0,720","0,090","0,810",
India,Iron and steel,7201,"Pig iron and spiegeleisen, in pigs, blocks or other primary forms","2,530",N/A,"2,530",
India,Iron and steel,7202 41,"Ferro-chromium, containing by weight > 4% of carbon","2,350",N/A,"2,350",
India,Iron and steel,7203,"Ferrous products obtained by direct reduction of iron ore and other spongy ferrous products, in lumps, pellets or similar forms; iron having a minimum purity by weight of 99,94%, in lumps, pellets or similar forms","4,200",N/A,"4,200",
India,Iron and steel,7207 11 14,"Semi-finished products, of iron or non-alloy steel, containing by weight < 0,25% carbon, of square or rectangular cross-section, the width < twice the thickness of <= 130 mm, rolled or obtained by continuous casting (excl. free-cutting steel)","4,270",N/A,"4,270",(C)
India,Iron and steel,7208,"Flat-rolled products of iron or non-alloy steel, of a width >= 600 mm, hot-rolled, not clad, plated or coated","4,280",N/A,"4,280",(C)
India,Iron and steel,7209,"Flat-rolled products of iron or non-alloy steel, of a width of >= 600 mm, cold-rolled ""cold-reduced"", not clad, plated or coated","4,280",N/A,"4,280",(C)
India,Iron and steel,7213,"Bars and rods of iron or non-alloy steel, hot-rolled, in irregularly wound coils","4,270",N/A,"4,270",(C)
India,Iron and steel,7219 12,"Flat-rolled products of stainless steel, of a width of>= 600 mm, not further worked than hot-rolled, in coils, of a thickness of >= 4,7 mm and <= 10 mm","6,490",N/A,"6,490",
India,Iron and steel,7326 90 98,"Articles of iron or steel, n.e.s.","4,910",N/A,"4,910",(C)
India,Aluminium,7601,Unwrought aluminium,"1,870",N/A,"1,870",(K)
India,Aluminium,7604 21 00,Hollow profiles,"3,444",N/A,"3,444",(K)
India,Aluminium,7606,"Aluminium plates, sheets and strip, of a thickness exceeding 0,2 mm","4,126",N/A,"4,126",(K)
India,Aluminium,7608,Aluminium tubes and pipes,"3,444",N/A,"3,444",(K)
India,Aluminium,7610 90 90,Other,"3,444",N/A,"3,444",(K)
Turkiye,Cement,2507 00 80 80,Calcined clay,-,-,-,
Turkiye,Cement,2523 10 00 90,Other clinker including grey clinker,-,-,-,
Turkiye,Cement,2523 29 00,Grey Portland cement,-,-,-,
Turkiye,Fertilisers,2808 00 00,Nitric acid; sulphonitric acids,"2,680","0,030","2,720",
Turkiye,Fertilisers,2814 10 00,Anhydrous ammonia,"2,170","0,100","2,270",
Turkiye,Fertilisers,3102 10 19,"Urea, whether or not in aqueous solution, containing >45% nitrogen in relation to the weight of the dry product (excl. that in tablets or similar forms, or in packages with a gross weight of <= 10 kg, or in aqueous solution containing =>31,8% but <=55% by weight of urea)","1,440","0,080","1,510",
Turkiye,Fertilisers,3102 30 90,"Ammonium nitrate (excl. that in aqueous solution, in tablets or similar forms, or in packages with a gross weight of <= 10 kg)","2,530","0,070","2,600",
Turkiye,Fertilisers,3105 20 10,"Mineral or chemical fertilisers containing phosphorus and potassium, with a nitrogen content > 10 % by weight on the dry anhydrous product (excl. those in tablets or similar forms, or in packages with a gross weight of <= 10 kg)","1,060","0,060","1,120",
Turkiye,Fertilisers,3105 30 00,"Diammonium hydrogenorthophosphate ""diammonium phosphate"" (excl. that in tablets or similar forms, or in packages with a gross weight of <= 10 kg)","0,510","0,040","0,550",
Turkiye,Iron and steel,7201,"Pig iron and spiegeleisen, in pigs, blocks or other primary forms","1,850",N/A,"1,850",
Turkiye,Iron and steel,7202 41,"Ferro-chromium, containing by weight > 4% of carbon","2,350",N/A,"2,350",
Turkiye,Iron and steel,7203,"Ferrous products obtained by direct reduction of iron ore and other spongy ferrous products, in lumps, pellets or similar forms; iron having a minimum purity by weight of 99,94%, in lumps, pellets or similar forms",-,N/A,-,
Turkiye,Iron and steel,7207 11 14,"Semi-finished products, of iron or non-alloy steel, containing by weight < 0,25% carbon, of square or rectangular cross-section, the width < twice the thickness of <= 130 mm, rolled or obtained by continuous casting (excl. free-cutting steel)","2,310",N/A,"2,310",(C)
Turkiye,Iron and steel,7208,"Flat-rolled products of iron or non-alloy steel, of a width >= 600 mm, hot-rolled, not clad, plated or coated","2,428",N/A,"2,428",(C)
Turkiye,Iron and steel,7209,"Flat-rolled products of iron or non-alloy steel, of a width of >= 600 mm, cold-rolled ""cold-reduced"", not clad, plated or coated","2,510",N/A,"2,510",(C)
Turkiye,Iron and steel,7213,"Bars and rods of iron or non-alloy steel, hot-rolled, in irregularly wound coils","2,310",N/A,"2,310",(C)
Turkiye,Iron and steel,7219 12,"Flat-rolled products of stainless steel, of a width of>= 600 mm, not further worked than hot-rolled, in coils, of a thickness of >= 4,7 mm and <= 10 mm","5,470",N/A,"5,470",
Turkiye,Iron and steel,7326 90 98,"Articles of iron or steel, n.e.s.","2,583",N/A,"2,583",(C)
Turkiye,Aluminium,7601,Unwrought aluminium,"1,700",N/A,"1,700",(K)
Turkiye,Aluminium,7604 21 00,Hollow profiles,"3,741",N/A,"3,741",(K)
Turkiye,Aluminium,7606,"Aluminium plates, sheets and strip, of a thickness exceeding 0,2 mm","2,714",N/A,"2,714",(K)
Turkiye,Aluminium,7608,Aluminium tubes and pipes,"2,754",N/A,"2,754",(K)
Turkiye,Aluminium,7610 90 90,Other,"2,674",N/A,"2,674",(K)
China,Cement,2507 00 80 80,Calcined clay,"0,210","0,110","0,320",
China,Cement,2523 10 00 90,Other clinker including grey clinker,"1,350","0,040","1,390",(A)
China,Cement,2523 29 00,Grey Portland cement,"1,350","0,070","1,420",
China,Fertilisers,2808 00 00,Nitric acid; sulphonitric acids,"3,020","0,060","3,080",
China,Fertilisers,2814 10 00,Anhydrous ammonia,"4,170","0,190","4,360",
China,Fertilisers,3102 10 19,"Urea, whether or not in aqueous solution, containing >45% nitrogen in relation to the weight of the dry product (excl. that in tablets or similar forms, or in packages with a gross weight of <= 10 kg, or in aqueous solution containing =>31,8% but <=55% by weight of urea)","2,700","0,140","2,850",
China,Fertilisers,3102 30 90,"Ammonium nitrate (excl. that in aqueous solution, in tablets or similar forms, or in packages with a gross weight of <= 10 kg)","3,230","0,140","3,370",
China,Fertilisers,3105 20 10,"Mineral or chemical fertilisers containing phosphorus and potassium, with a nitrogen content > 10 % by weight on the dry anhydrous product (excl. those in tablets or similar forms, or in packages with a gross weight of <= 10 kg)","1,410","0,120","1,530",
China,Fertilisers,3105 30 00,"Diammonium hydrogenorthophosphate ""diammonium phosphate"" (excl. that in tablets or similar forms, or in packages with a gross weight of <= 10 kg)","0,970","0,080","1,040",
China,Iron and steel,7201,"Pig iron and spiegeleisen, in pigs, blocks or other primary forms","1,660",N/A,"1,660",
China,Iron and steel,7202 41,"Ferro-chromium, containing by weight > 4% of carbon","2,350",N/A,"2,350",
China,Iron and steel,7203,"Ferrous products obtained by direct reduction of iron ore and other spongy ferrous products, in lumps, pellets or similar forms; iron having a minimum purity by weight of 99,94%, in lumps, pellets or similar forms",-,N/A,-,
China,Iron and steel,7207 11 14,"Semi-finished products, of iron or non-alloy steel, containing by weight < 0,25% carbon, of square or rectangular cross-section, the width < twice the thickness of <= 130 mm, rolled or obtained by continuous casting (excl. free-cutting steel)","3,169",N/A,"3,169",(C)
China,Iron and steel,7208,"Flat-rolled products of iron or non-alloy steel, of a width >= 600 mm, hot-rolled, not clad, plated or coated","3,187",N/A,"3,187",(C)
China,Iron and steel,7209,"Flat-rolled products of iron or non-alloy steel, of a width of >= 600 mm, cold-rolled ""cold-reduced"", not clad, plated or coated","3,205",N/A,"3,205",(C)
China,Iron and steel,7213,"Bars and rods of iron or non-alloy steel, hot-rolled, in irregularly wound coils","3,169",N/A,"3,169",(C)
China,Iron and steel,7219 12,"Flat-rolled products of stainless steel, of a width of>= 600 mm, not further worked than hot-rolled, in coils, of a thickness of >= 4,7 mm and <= 10 mm","5,580",N/A,"5,580",
China,Iron and steel,7326 90 98,"Articles of iron or steel, n.e.s.","3,076",N/A,"3,076",(C)
China,Aluminium,7601,Unwrought aluminium,"3,000",N/A,"3,000",(K)
China,Aluminium,7604 21 00,Hollow profiles,"4,881",N/A,"4,881",(K)
China,Aluminium,7606,"Aluminium plates, sheets and strip, of a thickness exceeding 0,2 mm","4,120",N/A,"4,120",(K)
China,Aluminium,7608,Aluminium tubes and pipes,"4,896",N/A,"4,896",(K)
China,Aluminium,7610 90 90,Other,"4,896",N/A,"4,896",(K)
Egypt,Cement,2507 00 80 80,Calcined clay,-,-,-,
Egypt,Cement,2523 10 00 90,Other clinker including grey clinker,"1,240","0,030","1,270",(A)
Egypt,Cement,2523 29 00,Grey Portland cement,"1,240","0,050","1,290",
Egypt,Fertilisers,2808 00 00,Nitric acid; sulphonitric acids,"2,460","0,030","2,490",
Egypt,Fertilisers,2814 10 00,Anhydrous ammonia,"1,960","0,100","2,050",
Egypt,Fertilisers,3102 10 19,"Urea, whether or not in aqueous solution, containing >45% nitrogen in relation to the weight of the dry product (excl. that in tablets or similar forms, or in packages with a gross weight of <= 10 kg, or in aqueous solution containing =>31,8% but <=55% by weight of urea)","1,320","0,080","1,390",
Egypt,Fertilisers,3102 30 90,"Ammonium nitrate (excl. that in aqueous solution, in tablets or similar forms, or in packages with a gross weight of <= 10 kg)","2,320","0,080","2,390",
Egypt,Fertilisers,3105 20 10,"Mineral or chemical fertilisers containing phosphorus and potassium, with a nitrogen content > 10 % by weight on the dry anhydrous product (excl. those in tablets or similar forms, or in packages with a gross weight of <= 10 kg)","0,970","0,070","1,040",
Egypt,Fertilisers,3105 30 00,"Diammonium hydrogenorthophosphate ""diammonium phosphate"" (excl. that in tablets or similar forms, or in packages with a gross weight of <= 10 kg)","0,460","0,040","0,500",
Egypt,Iron and steel,7202 41,"Ferro-chromium, containing by weight > 4% of carbon","2,350",N/A,"2,350",
Egypt,Aluminium,7601,Unwrought aluminium,"1,870",N/A,"1,870",(K)
Egypt,Aluminium,7604 21 00,Hollow profiles,"3,025",N/A,"3,025",(K)
Egypt,Aluminium,7606,"Aluminium plates, sheets and strip, of a thickness exceeding 0,2 mm","3,624",N/A,"3,624",(K)
Egypt,Aluminium,7608,Aluminium tubes and pipes,"3,025",N/A,"3,025",(K)
Egypt,Aluminium,7610 90 90,Other,"3,025",N/A,"3,025",(K)
Ukraine,Cement,2507 00 80 80,Calcined clay,-,-,-,
Ukraine,Cement,2523 10 00 90,Other clinker including grey clinker,"1,340","0,030","1,370",(A)
Ukraine,Cement,2523 29 00,Grey Portland cement,"1,340","0,050","1,380",
Ukraine,Fertilisers,2808 00 00,Nitric acid; sulphonitric acids,"2,700","0,030","2,730",
Ukraine,Fertilisers,2814 10 00,Anhydrous ammonia,"2,160","0,090","2,250",
Ukraine,Fertilisers,3102 10 19,"Urea, whether or not in aqueous solution, containing >45% nitrogen in relation to the weight of the dry product (excl. that in tablets or similar forms, or in packages with a gross weight of <= 10 kg, or in aqueous solution containing =>31,8% but <=55% by weight of urea)","1,380","0,070","1,450",
Ukraine,Fertilisers,3102 30 90,"Ammonium nitrate (excl. that in aqueous solution, in tablets or similar forms, or in packages with a gross weight of <= 10 kg)","2,530","0,070","2,600",
Ukraine,Fertilisers,3105 20 10,"Mineral or chemical fertilisers containing phosphorus and potassium, with a nitrogen content > 10 % by weight on the dry anhydrous product (excl. those in tablets or similar forms, or in packages with a gross weight of <= 10 kg)","1,050","0,060","1,120",
Ukraine,Fertilisers,3105 30 00,"Diammonium hydrogenorthophosphate ""diammonium phosphate"" (excl. that in tablets or similar forms, or in packages with a gross weight of <= 10 kg)","0,500","0,040","0,540",
Ukraine,Iron and steel,7201,"Pig iron and spiegeleisen, in pigs, blocks or other primary forms","2,173",N/A,"2,173",
Ukraine,Iron and steel,7202 41,"Ferro-chromium, containing by weight > 4% of carbon","2,350",N/A,"2,350",
Ukraine,Iron and steel,7203,"Ferrous products obtained by direct reduction of iron ore and other spongy ferrous products, in lumps, pellets or similar forms; iron having a minimum purity by weight of 99,94%, in lumps, pellets or similar forms",-,N/A,-,
Ukraine,Iron and steel,7207 11 14,"Semi-finished products, of iron or non-alloy steel, containing by weight < 0,25% carbon, of square or rectangular cross-section, the width < twice the thickness of <= 130 mm, rolled or obtained by continuous casting (excl. free-cutting steel)","2,397",N/A,"2,397",(C)
Ukraine,Iron and steel,7208,"Flat-rolled products of iron or non-alloy steel, of a width >= 600 mm, hot-rolled, not clad, plated or coated","2,483",N/A,"2,483",(C)
Ukraine,Iron and steel,7209,"Flat-rolled products of iron or non-alloy steel, of a width of >= 600 mm, cold-rolled ""cold-reduced"", not clad, plated or coated","2,544",N/A,"2,544",(C)
Ukraine,Iron and steel,7213,"Bars and rods of iron or non-alloy steel, hot-rolled, in irregularly wound coils","2,397",N/A,"2,397",(C)
Ukraine,Iron and steel,7219 12,"Flat-rolled products of stainless steel, of a width of>= 600 mm, not further worked than hot-rolled, in coils, of a thickness of >= 4,7 mm and <= 10 mm","3,230",N/A,"3,230",
Ukraine,Iron and steel,7326 90 98,"Articles of iron or steel, n.e.s.","2,543",N/A,"2,543",(C)
Ukraine,Aluminium,7601,Unwrought aluminium,"0,360",N/A,"0,360",(L)
Ukraine,Aluminium,7604 21 00,Hollow profiles,"0,730",N/A,"0,730",(L)
Ukraine,Aluminium,7606,"Aluminium plates, sheets and strip, of a thickness exceeding 0,2 mm","1,180",N/A,"1,180",(L)
Ukraine,Aluminium,7608,Aluminium tubes and pipes,"0,730",N/A,"0,730",(L)
Ukraine,Aluminium,7610 90 90,Other,"0,730",N/A,"0,730",(L)
Serbia,Cement,2507 00 80 80,Calcined clay,-,-,-,
Serbia,Cement,2523 10 00 90,Other clinker including grey clinker,"1,330","0,060","1,380",(A)
Serbia,Cement,2523 29 00,Grey Portland cement,"1,310","0,100","1,410",
Serbia,Fertilisers,2808 00 00,Nitric acid; sulphonitric acids,"2,700","0,030","2,730",
Serbia,Fertilisers,2814 10 00,Anhydrous ammonia,"2,160","0,100","2,260",
Serbia,Fertilisers,3102 10 19,"Urea, whether or not in aqueous solution, containing >45% nitrogen in relation to the weight of the dry product (excl. that in tablets or similar forms, or in packages with a gross weight of <= 10 kg, or in aqueous solution containing =>31,8% but <=55% by weight of urea)","1,390","0,080","1,460",
Serbia,Fertilisers,3102 30 90,"Ammonium nitrate (excl. that in aqueous solution, in tablets or similar forms, or in packages with a gross weight of <= 10 kg)","2,530","0,070","2,600",
Serbia,Fertilisers,3105 20 10,"Mineral or chemical fertilisers containing phosphorus and potassium, with a nitrogen content > 10 % by weight on the dry anhydrous product (excl. those in tablets or similar forms, or in packages with a gross weight of <= 10 kg)","1,050","0,070","1,120",
Serbia,Fertilisers,3105 30 00,"Diammonium hydrogenorthophosphate ""diammonium phosphate"" (excl. that in tablets or similar forms, or in packages with a gross weight of <= 10 kg)","0,500","0,040","0,540",
Serbia,Iron and steel,7201,"Pig iron and spiegeleisen, in pigs, blocks or other primary forms","2,160",N/A,"2,160",
Serbia,Iron and steel,7202 41,"Ferro-chromium, containing by weight > 4% of carbon","2,350",N/A,"2,350",
Serbia,Iron and steel,7203,"Ferrous products obtained by direct reduction of iron ore and other spongy ferrous products, in lumps, pellets or similar forms; iron having a minimum purity by weight of 99,94%, in lumps, pellets or similar forms",-,N/A,-,
Serbia,Iron and steel,7207 11 14,"Semi-finished products, of iron or non-alloy steel, containing by weight < 0,25% carbon, of square or rectangular cross-section, the width < twice the thickness of <= 130 mm, rolled or obtained by continuous casting (excl. free-cutting steel)","2,410",N/A,"2,410",(C)
Serbia,Iron and steel,7208,"Flat-rolled products of iron or non-alloy steel, of a width >= 600 mm, hot-rolled, not clad, plated or coated","2,410",N/A,"2,410",(C)
Serbia,Iron and steel,7209,"Flat-rolled products of iron or non-alloy steel, of a width of >= 600 mm, cold-rolled ""cold-reduced"", not clad, plated or coated","2,410",N/A,"2,410",(C)
Serbia,Iron and steel,7213,"Bars and rods of iron or non-alloy steel, hot-rolled, in irregularly wound coils","2,410",N/A,"2,410",(C)
Serbia,Iron and steel,7219 12,"Flat-rolled products of stainless steel, of a width of>= 600 mm, not further worked than hot-rolled, in coils, of a thickness of >= 4,7 mm and <= 10 mm","2,590",N/A,"2,590",
Serbia,Iron and steel,7326 90 98,"Articles of iron or steel, n.e.s.","2,410",N/A,"2,410",(C)
Serbia,Aluminium,7601,Unwrought aluminium,"0,360",N/A,"0,360",(L)
Serbia,Aluminium,7604 21 00,Hollow profiles,"2,270",N/A,"2,270",(L)
Serbia,Aluminium,7606,"Aluminium plates, sheets and strip, of a thickness exceeding 0,2 mm","3,688",N/A,"3,688",(L)
Serbia,Aluminium,7608,Aluminium tubes and pipes,"2,270",N/A,"2,270",(L)
Serbia,Aluminium,7610 90 90,Other,"2,270",N/A,"2,270",(L)
"Korea, Republic of",Cement,2507 00 80 80,Calcined clay,-,-,-,
"Korea, Republic of",Cement,2523 10 00 90,Other clinker including grey clinker,"0,880","0,030","0,920",(A)
"Korea, Republic of",Cement,2523 29 00,Grey Portland cement,"0,890","0,060","0,940",
"Korea, Republic of",Fertilisers,2808 00 00,Nitric acid; sulphonitric acids,"2,130","0,060","2,190",
"Korea, Republic of",Fertilisers,2814 10 00,Anhydrous ammonia,-,-,-,
"Korea, Republic of",Fertilisers,3102 10 19,"Urea, whether or not in aqueous solution, containing >45% nitrogen in relation to the weight of the dry product (excl. that in tablets or similar forms, or in packages with a gross weight of <= 10 kg, or in aqueous solution containing =>31,8% but <=55% by weight of urea)","1,410","0,140","1,540",
"Korea, Republic of",Fertilisers,3102 30 90,"Ammonium nitrate (excl. that in aqueous solution, in tablets or similar forms, or in packages with a gross weight of <= 10 kg)","2,090","0,130","2,220",
"Korea, Republic of",Fertilisers,3105 20 10,"Mineral or chemical fertilisers containing phosphorus and potassium, with a nitrogen content > 10 % by weight on the dry anhydrous product (excl. those in tablets or similar forms, or in packages with a gross weight of <= 10 kg)","0,900","0,100","1,000",
"Korea, Republic of",Fertilisers,3105 30 00,"Diammonium hydrogenorthophosphate ""diammonium phosphate"" (excl. that in tablets or similar forms, or in packages with a gross weight of <= 10 kg)","0,480","0,070","0,550",
"Korea, Republic of",Iron and steel,7201,"Pig iron and spiegeleisen, in pigs, blocks or other primary forms","1,540",N/A,"1,540",
"Korea, Republic of",Iron and steel,7202 41,"Ferro-chromium, containing by weight > 4% of carbon","2,350",N/A,"2,350",
"Korea, Republic of",Iron and steel,7203,"Ferrous products obtained by direct reduction of iron ore and other spongy ferrous products, in lumps, pellets or similar forms; iron having a minimum purity by weight of 99,94%, in lumps, pellets or similar forms",-,N/A,-,
"Korea, Republic of",Iron and steel,7207 11 14,"Semi-finished products, of iron or non-alloy steel, containing by weight < 0,25% carbon, of square or rectangular cross-section, the width < twice the thickness of <= 130 mm, rolled or obtained by continuous casting (excl. free-cutting steel)","2,118",N/A,"2,118",(C)
"Korea, Republic of",Iron and steel,7208,"Flat-rolled products of iron or non-alloy steel, of a width >= 600 mm, hot-rolled, not clad, plated or coated","2,118",N/A,"2,118",(C)
"Korea, Republic of",Iron and steel,7209,"Flat-rolled products of iron or non-alloy steel, of a width of >= 600 mm, cold-rolled ""cold-reduced"", not clad, plated or coated","2,144",N/A,"2,144",(C)
"Korea, Republic of",Iron and steel,7213,"Bars and rods of iron or non-alloy steel, hot-rolled, in irregularly wound coils","2,118",N/A,"2,118",(C)
"Korea, Republic of",Iron and steel,7219 12,"Flat-rolled products of stainless steel, of a width of>= 600 mm, not further worked than hot-rolled, in coils, of a thickness of >= 4,7 mm and <= 10 mm","3,630",N/A,"3,630",
"Korea, Republic of",Iron and steel,7326 90 98,"Articles of iron or steel, n.e.s.","2,144",N/A,"2,144",(C)
"Korea, Republic of",Aluminium,7601,Unwrought aluminium,"0,360",N/A,"0,360",(L)
"Korea, Republic of",Aluminium,7604 21 00,Hollow profiles,"1,500",N/A,"1,500",(L)
"Korea, Republic of",Aluminium,7606,"Aluminium plates, sheets and strip, of a thickness exceeding 0,2 mm","1,950",N/A,"1,950",(L)
"Korea, Republic of",Aluminium,7608,Aluminium tubes and pipes,"1,500",N/A,"1,500",(L)
"Korea, Republic of",Aluminium,7610 90 90,Other,"1,500",N/A,"1,500",(L)
Brazil,Cement,2507 00 80 80,Calcined clay,-,-,-,
Brazil,Cement,2523 10 00 90,Other clinker including grey clinker,-,-,-,
Brazil,Cement,2523 29 00,Grey Portland cement,-,-,-,
Brazil,Fertilisers,2808 00 00,Nitric acid; sulphonitric acids,"2,040","0,020","2,070",
Brazil,Fertilisers,2814 10 00,Anhydrous ammonia,"3,120","0,080","3,210",
Brazil,Fertilisers,3102 10 19,"Urea, whether or not in aqueous solution, containing >45% nitrogen in relation to the weight of the dry product (excl. that in tablets or similar forms, or in packages with a gross weight of <= 10 kg, or in aqueous solution containing =>31,8% but <=55% by weight of urea)","2,020","0,060","2,070",
Brazil,Fertilisers,3102 30 90,"Ammonium nitrate (excl. that in aqueous solution, in tablets or similar forms, or in packages with a gross weight of <= 10 kg)","2,260","0,050","2,310",
Brazil,Fertilisers,3105 20 10,"Mineral or chemical fertilisers containing phosphorus and potassium, with a nitrogen content > 10 % by weight on the dry anhydrous product (excl. those in tablets or similar forms, or in packages with a gross weight of <= 10 kg)","0,990","0,040","1,030",
Brazil,Fertilisers,3105 30 00,"Diammonium hydrogenorthophosphate ""diammonium phosphate"" (excl. that in tablets or similar forms, or in packages with a gross weight of <= 10 kg)","0,730","0,030","0,750",
Brazil,Iron and steel,7201,"Pig iron and spiegeleisen, in pigs, blocks or other primary forms","1,478",N/A,"1,478",
Brazil,Iron and steel,7202 41,"Ferro-chromium, containing by weight > 4% of carbon","2,350",N/A,"2,350",
Brazil,Iron and steel,7203,"Ferrous products obtained by direct reduction of iron ore and other spongy ferrous products, in lumps, pellets or similar forms; iron having a minimum purity by weight of 99,94%, in lumps, pellets or similar forms",-,N/A,-,
Brazil,Iron and steel,7207 11 14,"Semi-finished products, of iron or non-alloy steel, containing by weight < 0,25% carbon, of square or rectangular cross-section, the width < twice the thickness of <= 130 mm, rolled or obtained by continuous casting (excl. free-cutting steel)","1,610",N/A,"1,610",(C)
Brazil,Iron and steel,7208,"Flat-rolled products of iron or non-alloy steel, of a width >= 600 mm, hot-rolled, not clad, plated or coated","1,620",N/A,"1,620",(C)
Brazil,Iron and steel,7209,"Flat-rolled products of iron or non-alloy steel, of a width of >= 600 mm, cold-rolled ""cold-reduced"", not clad, plated or coated","1,730",N/A,"1,730",(C)
Brazil,Iron and steel,7213,"Bars and rods of iron or non-alloy steel, hot-rolled, in irregularly wound coils","1,610",N/A,"1,610",(C)
Brazil,Iron and steel,7219 12,"Flat-rolled products of stainless steel, of a width of>= 600 mm, not further worked than hot-rolled, in coils, of a thickness of >= 4,7 mm and <= 10 mm","3,210",N/A,"3,210",
Brazil,Iron and steel,7326 90 98,"Articles of iron or steel, n.e.s.","1,730",N/A,"1,730",(C)
Brazil,Aluminium,7601,Unwrought aluminium,"1,700",N/A,"1,700",(K)
Brazil,Aluminium,7604 21 00,Hollow profiles,"2,060",N/A,"2,060",(K)
Brazil,Aluminium,7606,"Aluminium plates, sheets and strip, of a thickness exceeding 0,2 mm","2,500",N/A,"2,500",(K)
Brazil,Aluminium,7608,Aluminium tubes and pipes,"2,060",N/A,"2,060",(K)
Brazil,Aluminium,7610 90 90,Other,"2,060",N/A,"2,060",(K)
Bahrain,Aluminium,7601,Unwrought aluminium,"1,870",N/A,"1,870",(K)
Bahrain,Aluminium,7604 21 00,Hollow profiles,"2,220",N/A,"2,220",(K)
Bahrain,Aluminium,7606,"Aluminium plates, sheets and strip, of a thickness exceeding 0,2 mm","2,660",N/A,"2,660",(K)
Bahrain,Aluminium,7608,Aluminium tubes and pipes,"2,220",N/A,"2,220",(K)
Bahrain,Aluminium,7610 90 90,Other,"2,220",N/A,"2,220",(K)
Mozambique,Aluminium,7601,Unwrought aluminium,"3,198",N/A,"3,198",(K)
Mozambique,Aluminium,7604 21 00,Hollow profiles,"4,161",N/A,"4,161",(K)
Mozambique,Aluminium,7606,"Aluminium plates, sheets and strip, of a thickness exceeding 0,2 mm","4,986",N/A,"4,986",(K)
Mozambique,Aluminium,7608,Aluminium tubes and pipes,"4,161",N/A,"4,161",(K)
Mozambique,Aluminium,7610 90 90,Other,"4,161",N/A,"4,161",(K)
Kazakhstan,Cement,2507 00 80 80,Calcined clay,-,-,-,
Kazakhstan,Cement,2523 10 00 90,Other clinker including grey clinker,"1,350","0,040","1,390",(A)
Kazakhstan,Cement,2523 29 00,Grey Portland cement,"1,350","0,070","1,420",
Kazakhstan,Fertilisers,2808 00 00,Nitric acid; sulphonitric acids,"2,730","0,040","2,770",
Kazakhstan,Fertilisers,2814 10 00,Anhydrous ammonia,"2,160","0,140","2,300",
Kazakhstan,Fertilisers,3102 10 19,"Urea, whether or not in aqueous solution, containing >45% nitrogen in relation to the weight of the dry product (excl. that in tablets or similar forms, or in packages with a gross weight of <= 10 kg, or in aqueous solution containing =>31,8% but <=55% by weight of urea)","1,470","0,110","1,580",
Kazakhstan,Fertilisers,3102 30 90,"Ammonium nitrate (excl. that in aqueous solution, in tablets or similar forms, or in packages with a gross weight of <= 10 kg)","2,570","0,110","2,670",
Kazakhstan,Fertilisers,3105 20 10,"Mineral or chemical fertilisers containing phosphorus and potassium, with a nitrogen content > 10 % by weight on the dry anhydrous product (excl. those in tablets or similar forms, or in packages with a gross weight of <= 10 kg)","1,080","0,100","1,180",
Kazakhstan,Fertilisers,3105 30 00,"Diammonium hydrogenorthophosphate ""diammonium phosphate"" (excl. that in tablets or similar forms, or in packages with a gross weight of <= 10 kg)","0,510","0,060","0,570",
Kazakhstan,Iron and steel,7201,"Pig iron and spiegeleisen, in pigs, blocks or other primary forms","4,960",N/A,"4,960",
Kazakhstan,Iron and steel,7202 41,"Ferro-chromium, containing by weight > 4% of carbon","2,350",N/A,"2,350",
Kazakhstan,Iron and steel,7203,"Ferrous products obtained by direct reduction of iron ore and other spongy ferrous products, in lumps, pellets or similar forms; iron having a minimum purity by weight of 99,94%, in lumps, pellets or similar forms",-,N/A,-,
Kazakhstan,Iron and steel,7207 11 14,"Semi-finished products, of iron or non-alloy steel, containing by weight < 0,25% carbon, of square or rectangular cross-section, the width < twice the thickness of <= 130 mm, rolled or obtained by continuous casting (excl. free-cutting steel)","5,180",N/A,"5,180",(C)
Kazakhstan,Iron and steel,7208,"Flat-rolled products of iron or non-alloy steel, of a width >= 600 mm, hot-rolled, not clad, plated or coated","5,290",N/A,"5,290",(C)
Kazakhstan,Iron and steel,7209,"Flat-rolled products of iron or non-alloy steel, of a width of >= 600 mm, cold-rolled ""cold-reduced"", not clad, plated or coated","5,360",N/A,"5,360",(C)
Kazakhstan,Iron and steel,7213,"Bars and rods of iron or non-alloy steel, hot-rolled, in irregularly wound coils","5,180",N/A,"5,180",(C)
Kazakhstan,Iron and steel,7219 12,"Flat-rolled products of stainless steel, of a width of>= 600 mm, not further worked than hot-rolled, in coils, of a thickness of >= 4,7 mm and <= 10 mm","4,780",N/A,"4,780",
Kazakhstan,Iron and steel,7326 90 98,"Articles of iron or steel, n.e.s.","5,360",N/A,"5,360",(C)
Kazakhstan,Aluminium,7601,Unwrought aluminium,"1,870",N/A,"1,870",(K)
Kazakhstan,Aluminium,7604 21 00,Hollow profiles,"2,230",N/A,"2,230",(K)
Kazakhstan,Aluminium,7606,"Aluminium plates, sheets and strip, of a thickness exceeding 0,2 mm","2,670",N/A,"2,670",(K)
Kazakhstan,Aluminium,7608,Aluminium tubes and pipes,"2,230",N/A,"2,230",(K)
Kazakhstan,Aluminium,7610 90 90,Other,"2,230",N/A,"2,230",(K)
Viet Nam,Fertilisers,2808 00 00,Nitric acid; sulphonitric acids,"2,410","0,050","2,460",
Viet Nam,Fertilisers,2814 10 00,Anhydrous ammonia,"3,460","0,150","3,610",
Viet Nam,Fertilisers,3102 10 19,"Urea, whether or not in aqueous solution, containing >45% nitrogen in relation to the weight of the dry product (excl. that in tablets or similar forms, or in packages with a gross weight of <= 10 kg, or in aqueous solution containing =>31,8% but <=55% by weight of urea)","2,310","0,120","2,430",
Viet Nam,Fertilisers,3102 30 90,"Ammonium nitrate (excl. that in aqueous solution, in tablets or similar forms, or in packages with a gross weight of <= 10 kg)","2,630","0,120","2,750",
Viet Nam,Fertilisers,3105 20 10,"Mineral or chemical fertilisers containing phosphorus and potassium, with a nitrogen content > 10 % by weight on the dry anhydrous product (excl. those in tablets or similar forms, or in packages with a gross weight of <= 10 kg)","1,160","0,110","1,270",
Viet Nam,Fertilisers,3105 30 00,"Diammonium hydrogenorthophosphate ""diammonium phosphate"" (excl. that in tablets or similar forms, or in packages with a gross weight of <= 10 kg)","0,810","0,070","0,880",
Viet Nam,Iron and steel,7201,"Pig iron and spiegeleisen, in pigs, blocks or other primary forms","2,190",N/A,"2,190",
Viet Nam,Iron and steel,7202 41,"Ferro-chromium, containing by weight > 4% of carbon",-,N/A,-,
Viet Nam,Iron and steel,7203,"Ferrous products obtained by direct reduction of iron ore and other spongy ferrous products, in lumps, pellets or similar forms; iron having a minimum purity by weight of 99,94%, in lumps, pellets or similar forms",-,N/A,-,
Viet Nam,Iron and steel,7207 11 14,"Semi-finished products, of iron or non-alloy steel, containing by weight < 0,25% carbon, of square or rectangular cross-section, the width < twice the thickness of <= 130 mm, rolled or obtained by continuous casting (excl. free-cutting steel)","2,350",N/A,"2,350",(C)
Viet Nam,Iron and steel,7208,"Flat-rolled products of iron or non-alloy steel, of a width >= 600 mm, hot-rolled, not clad, plated or coated","2,350",N/A,"2,350",(C)
Viet Nam,Iron and steel,7209,"Flat-rolled products of iron or non-alloy steel, of a width of >= 600 mm, cold-rolled ""cold-reduced"", not clad, plated or coated","2,370",N/A,"2,370",(C)
Viet Nam,Iron and steel,7213,"Bars and rods of iron or non-alloy steel, hot-rolled, in irregularly wound coils","2,350",N/A,"2,350",(C)
Viet Nam,Iron and steel,7219 12,"Flat-rolled products of stainless steel, of a width of>= 600 mm, not further worked than hot-rolled, in coils, of a thickness of >= 4,7 mm and <= 10 mm",-,N/A,-,
Viet Nam,Iron and steel,7326 90 98,"Articles of iron or steel, n.e.s.","2,370",N/A,"2,370",(C)
Viet Nam,Aluminium,7601,Unwrought aluminium,"0,360",N/A,"0,360",(L)
Viet Nam,Aluminium,7604 21 00,Hollow profiles,"2,040",N/A,"2,040",(L)
Viet Nam,Aluminium,7606,"Aluminium plates, sheets and strip, of a thickness exceeding 0,2 mm","2,480",N/A,"2,480",(L)
Viet Nam,Aluminium,7608,Aluminium tubes and pipes,"2,040",N/A,"2,040",(L)
Viet Nam,Aluminium,7610 90 90,Other,"2,040",N/A,"2,040",(L)
Algeria,Cement,2507 00 80 80,Calcined clay,-,-,-,
Algeria,Cement,2523 10 00 90,Other clinker including grey clinker,"1,240","0,040","1,280",(A)
Algeria,Cement,2523 29 00,Grey Portland cement,"1,230","0,060","1,300",
Algeria,Fertilisers,2808 00 00,Nitric acid; sulphonitric acids,"2,490","0,040","2,530",
Algeria,Fertilisers,2814 10 00,Anhydrous ammonia,"1,960","0,120","2,080",
Algeria,Fertilisers,3102 10 19,"Urea, whether or not in aqueous solution, containing >45% nitrogen in relation to the weight of the dry product (excl. that in tablets or similar forms, or in packages with a gross weight of <= 10 kg, or in aqueous solution containing =>31,8% but <=55% by weight of urea)","1,320","0,100","1,410",
Algeria,Fertilisers,3102 30 90,"Ammonium nitrate (excl. that in aqueous solution, in tablets or similar forms, or in packages with a gross weight of <= 10 kg)","2,330","0,090","2,420",
Algeria,Fertilisers,3105 20 10,"Mineral or chemical fertilisers containing phosphorus and potassium, with a nitrogen content > 10 % by weight on the dry anhydrous product (excl. those in tablets or similar forms, or in packages with a gross weight of <= 10 kg)","0,970","0,090","1,060",
Algeria,Fertilisers,3105 30 00,"Diammonium hydrogenorthophosphate ""diammonium phosphate"" (excl. that in tablets or similar forms, or in packages with a gross weight of <= 10 kg)","0,460","0,050","0,510",
Algeria,Iron and steel,7201,"Pig iron and spiegeleisen, in pigs, blocks or other primary forms","2,870",N/A,"2,870",
Algeria,Iron and steel,7202 41,"Ferro-chromium, containing by weight > 4% of carbon",-,N/A,-,
Algeria,Iron and steel,7203,"Ferrous products obtained by direct reduction of iron ore and other spongy ferrous products, in lumps, pellets or similar forms; iron having a minimum purity by weight of 99,94%, in lumps, pellets or similar forms","0,810",N/A,"0,810",
Algeria,Iron and steel,7207 11 14,"Semi-finished products, of iron or non-alloy steel, containing by weight < 0,25% carbon, of square or rectangular cross-section, the width < twice the thickness of <= 130 mm, rolled or obtained by continuous casting (excl. free-cutting steel)","3,000",N/A,"3,000",(C)
Algeria,Iron and steel,7208,"Flat-rolled products of iron or non-alloy steel, of a width >= 600 mm, hot-rolled, not clad, plated or coated","3,000",N/A,"3,000",(C)
Algeria,Iron and steel,7209,"Flat-rolled products of iron or non-alloy steel, of a width of >= 600 mm, cold-rolled ""cold-reduced"", not clad, plated or coated","3,000",N/A,"3,000",(C)
Algeria,Iron and steel,7213,"Bars and rods of iron or non-alloy steel, hot-rolled, in irregularly wound coils","3,000",N/A,"3,000",(C)
Algeria,Iron and steel,7219 12,"Flat-rolled products of stainless steel, of a width of>= 600 mm, not further worked than hot-rolled, in coils, of a thickness of >= 4,7 mm and <= 10 mm","3,300",N/A,"3,300",
Algeria,Iron and steel,7326 90 98,"Articles of iron or steel, n.e.s.","3,000",N/A,"3,000",(C)
Algeria,Aluminium,7601,Unwrought aluminium,"0,360",N/A,"0,360",(L)
Algeria,Aluminium,7604 21 00,Hollow profiles,"1,160",N/A,"1,160",(L)
Algeria,Aluminium,7606,"Aluminium plates, sheets and strip, of a thickness exceeding 0,2 mm","1,600",N/A,"1,600",(L)
Algeria,Aluminium,7608,Aluminium tubes and pipes,"1,160",N/A,"1,160",(L)
Algeria,Aluminium,7610 90 90,Other,"1,160",N/A,"1,160",(L)
Morocco,Cement,2507 00 80 80,Calcined clay,-,-,-,
Morocco,Cement,2523 10 00 90,Other clinker including grey clinker,"0,850","0,060","0,900",(A)
Morocco,Cement,2523 29 00,Grey Portland cement,"0,860","0,100","0,950",
Morocco,Fertilisers,2808 00 00,Nitric acid; sulphonitric acids,"2,480","0,060","2,540",
Morocco,Fertilisers,2814 10 00,Anhydrous ammonia,"2,030","0,180","2,200",
Morocco,Fertilisers,3102 10 19,"Urea, whether or not in aqueous solution, containing >45% nitrogen in relation to the weight of the dry product (excl. that in tablets or similar forms, or in packages with a gross weight of <= 10 kg, or in aqueous solution containing =>31,8% but <=55% by weight of urea)","1,360","0,140","1,500",
Morocco,Fertilisers,3102 30 90,"Ammonium nitrate (excl. that in aqueous solution, in tablets or similar forms, or in packages with a gross weight of <= 10 kg)","2,350","0,140","2,490",
Morocco,Fertilisers,3105 20 10,"Mineral or chemical fertilisers containing phosphorus and potassium, with a nitrogen content > 10 % by weight on the dry anhydrous product (excl. those in tablets or similar forms, or in packages with a gross weight of <= 10 kg)","0,990","0,130","1,120",
Morocco,Fertilisers,3105 30 00,"Diammonium hydrogenorthophosphate ""diammonium phosphate"" (excl. that in tablets or similar forms, or in packages with a gross weight of <= 10 kg)","0,480","0,080","0,550",
Morocco,Aluminium,7601,Unwrought aluminium,"0,360",N/A,"0,360",(L)
Morocco,Aluminium,7604 21 00,Hollow profiles,"0,750",N/A,"0,750",(L)
Morocco,Aluminium,7606,"Aluminium plates, sheets and strip, of a thickness exceeding 0,2 mm","1,190",N/A,"1,190",(L)
Morocco,Aluminium,7608,Aluminium tubes and pipes,"0,750",N/A,"0,750",(L)
Morocco,Aluminium,7610 90 90,Other,"0,750",N/A,"0,750",(L)
Other Countries and Territories,Cement,2507 00 80 80,Calcined clay,"0,210","0,070","0,280",
Other Countries and Territories,Cement,2523 10 00 90,Other clinker including grey clinker,"1,370","0,050","1,410",(A)
Other Countries and Territories,Cement,2523 29 00,Grey Portland cement,"1,360","0,080","1,440",
Other Countries and Territories,Fertilisers,2808 00 00,Nitric acid; sulphonitric acids,"2,770","0,040","2,810",
Other Countries and Territories,Fertilisers,2814 10 00,Anhydrous ammonia,"2,970","0,150","3,130",
Other Countries and Territories,Fertilisers,3102 10 19,"Urea, whether or not in aqueous solution, containing >45% nitrogen in relation to the weight of the dry product (excl. that in tablets or similar forms, or in packages with a gross weight of <= 10 kg, or in aqueous solution containing =>31,8% but <=55% by weight of urea)","2,600","0,120","2,720",
Other Countries and Territories,Fertilisers,3102 30 90,"Ammonium nitrate (excl. that in aqueous solution, in tablets or similar forms, or in packages with a gross weight of <= 10 kg)","2,640","0,110","2,750",
Other Countries and Territories,Fertilisers,3105 20 10,"Mineral or chemical fertilisers containing phosphorus and potassium, with a nitrogen content > 10 % by weight on the dry anhydrous product (excl. those in tablets or similar forms, or in packages with a gross weight of <= 10 kg)","1,100","0,120","1,230",
Other Countries and Territories,Fertilisers,3105 30 00,"Diammonium hydrogenorthophosphate ""diammonium phosphate"" (excl. that in tablets or similar forms, or in packages with a gross weight of <= 10 kg)","0,710","0,080","0,780",
Other Countries and Territories,Iron and steel,7201,"Pig iron and spiegeleisen, in pigs, blocks or other primary forms","3,480",N/A,"3,480",
Other Countries and Territories,Iron and steel,7202 41,"Ferro-chromium, containing by weight > 4% of carbon","2,350",N/A,"2,350",
Other Countries and Territories,Iron and steel,7203,"Ferrous products obtained by direct reduction of iron ore and other spongy ferrous products, in lumps, pellets or similar forms; iron having a minimum purity by weight of 99,94%, in lumps, pellets or similar forms","1,325",N/A,"1,325",
Other Countries and Territories,Iron and steel,7207 11 14,"Semi-finished products, of iron or non-alloy steel, containing by weight < 0,25% carbon, of square or rectangular cross-section, the width < twice the thickness of <= 130 mm, rolled or obtained by continuous casting (excl. free-cutting steel)","3,996",N/A,"3,996",(C)
Other Countries and Territories,Iron and steel,7208,"Flat-rolled products of iron or non-alloy steel, of a width >= 600 mm, hot-rolled, not clad, plated or coated","4,049",N/A,"4,049",(C)
Other Countries and Territories,Iron and steel,7209,"Flat-rolled products of iron or non-alloy steel, of a width of >= 600 mm, cold-rolled ""cold-reduced"", not clad, plated or coated","4,101",N/A,"4,101",(C)
Other Countries and Territories,Iron and steel,7213,"Bars and rods of iron or non-alloy steel, hot-rolled, in irregularly wound coils","3,996",N/A,"3,996",(C)
Other Countries and Territories,Iron and steel,7219 12,"Flat-rolled products of stainless steel, of a width of>= 600 mm, not further worked than hot-rolled, in coils, of a thickness of >= 4,7 mm and <= 10 mm","4,940",N/A,"4,940",
Other Countries and Territories,Iron and steel,7326 90 98,"Articles of iron or steel, n.e.s.","4,151",N/A,"4,151",(C)
Other Countries and Territories,Aluminium,7601,Unwrought aluminium,"2,203",N/A,"2,203",(K)
Other Countries and Territories,Aluminium,7604 21 00,Hollow profiles,"3,251",N/A,"3,251",(K)
Other Countries and Territories,Aluminium,7606,"Aluminium plates, sheets and strip, of a thickness exceeding 0,2 mm","3,717",N/A,"3,717",(K)
Other Countries and Territories,Aluminium,7608,Aluminium tubes and pipes,"3,220",N/A,"3,220",(K)
Other Countries and Territories,Aluminium,7610 90 90,Other,"3,212",N/A,"3,212",(K)
