bulkhead_set_id,bulkhead_class,home_river,home_river_mile,available_from,available_to
BS-01,N54,MISSISSIPPI,847.6,2026-11-30,2027-03-28
BS-02,N105,MISSISSIPPI,728.5,2026-11-30,2027-03-28
BS-03,N105,MISSISSIPPI,615.1,2026-11-30,2027-03-28
BS-04,N108,MISSISSIPPI,493.0,2026-11-30,2027-03-28
BS-05,N108,ILLINOIS,231.0,2026-12-21,2027-03-28
BS-06,N108,MISSISSIPPI,324.9,2026-11-30,2027-03-28
BS-07,N110,OHIO,606.8,2026-11-30,2027-03-28
BS-08,N110,OHIO,161.7,2026-11-30,2027-02-28
BS-09,N110,MISSISSIPPI,200.8,2026-11-30,2027-03-28
